surface_id,journey_phase,productive_entry,target_reference,owner_contracts,current_status,highest_proven_evidence,next_gate,priority,release_boundary
living-compass,signed-in-global,"Heute/Planen/Luvia/Reise/Erinnern/Profile navigation","M16.5E accepted Living Compass plus user reference recordings","navigation.v1; experience.v1; owner route projections",USER ACCEPTED,"App 13.82.64 local/public E2E plus explicit physical-handset user retest","Frozen; reopen only for a reproduced regression",P0,"Closed M16.5Q Integration slice; no Main/Production authorization"
places-continuity,plan-to-places,"Plan > Places > later result > Details & Evidenz","Accepted M16.5 Places spatial stage","places.v1; navigation.v1; experience.v1",SHELL-WIRED,"Owner-backed 18-result/six-marker composition is public; later-result detail rail continuity remains unaccepted","Reproduce and retain selected result/rail/map/filter/focus state; add regression; fix; public E2E",P0,"Next bounded Integration correction"
public-landing,signed-out,"Public root","m16.5-design-foundation/prototype-rq/landing.html + css/js","identity.v1 session projection; experience.v1",NOT CONNECTED,"Design-only reference exists; productive public entry remains earlier composition","Scope-lock complete signed-out/auth state matrix and adopt accepted design",P0,"Dedicated Integration slice after Places continuity"
authentication,signed-out-to-signed-in,"Landing login/register/recovery/session restore","Accepted landing/auth transition language","Existing Supabase auth/session owner; identity.v1; navigation.v1",SHELL-WIRED,"Real Supabase authentication exists, but accepted landing composition and exhaustive state parity are open","Bind accepted UI to existing auth; test pending/error/expired/retry/restore/logout",P0,"Same user-outcome release as public landing"
profile-onboarding,first-use-identity,"Post-auth profile onboarding","m16.5-design-foundation/prototype-rq/profile-onboarding.html + css/js","identity.v1; experience.v1",NOT CONNECTED,"Binding visual reference and Profile/Trip split exist","Implement consent/global Reisekompass/validation/resume/edit against Identity owner",P0,"Separate Integration slice"
first-trip-composer,first-use-trip,"Profile complete > create first Trip","m16.5-design-foundation/prototype-rq/onboarding.html + css/js","trip.v1; identity.v1 read; collaboration membership projection; experience.v1",NOT CONNECTED,"Binding visual reference and Profile/Trip split exist","Implement Trip-owned draft/create/idempotency/receipt/activation/recovery",P0,"Separate Integration slice"
places-golden-slice,planning,"Places discovery/search/map/detail/save/plan","Accepted M16.5 Places stage and interaction language","places.v1; trip.v1; journey.v1; experience.v1",SHELL-WIRED,"M16.5N owner coordinate hardening and M16.5O productive spatial composition pass; exhaustive UX/function audit open","Audit and close discovery/filter/map/detail/evidence/save/planning/offline/reload matrix",P0,"After bounded continuity correction"
booking,planning-and-reservation,"Compass Booking and contextual booking surfaces","Accepted M16.5 design language; remaining parity rows","booking.v1; trip.v1; journey.v1; experience.v1",SHELL-WIRED,"Owner Core and legacy/productive surfaces exist; complete accepted-design migration is open","Vertical Booking Golden Slice with provider evidence/handoff/status/recovery",P1,"Dedicated Integration release"
today,active-trip-daily,"Heute","Accepted signed-in Living Product Today stage","consumer.today-composition.v1; trip.v1; attention projection; journey.v1; experience.v1",SHELL-WIRED,"Owner-backed premium Today and Living Shell exist; complete M16.5 visual/state parity open","Audit all Today states and continuity against accepted design",P1,"Dedicated or inseparable Journey outcome slice"
journey-trip,active-trip,"Reise/Timeline/day composer","Accepted signed-in Living Product Reise stage","journey.v1; trip.v1; places.v1 read; booking.v1 read; experience.v1",SHELL-WIRED,"Journey owner and Day Composer are productive; complete M16.5 experience parity open","Close day composition/conflict/provenance/Back/reload/mobile matrix",P1,"Dedicated Integration release"
media-capture,in-trip-memory,"Live-Momente/Moment bewahren","Accepted Media to Memory capture focus","media.v1; memory.v1; trip.v1 read; experience.v1",FUNCTIONAL PARITY,"App 13.82.64 proves distinct capture routing and smooth Compass selection; full acquisition lifecycle parity open","Audit permission/acquisition/upload/offline/retry/receipt and accepted UI",P1,"Dedicated Integration release"
memories,post-trip-memory,"Erinnerungen/Mediathek/Albums/Stories","Accepted signed-in Living Product Erinnern stage","memory.v1; media.v1; trip.v1 read; experience.v1",SHELL-WIRED,"Premium Memories owner-backed composition exists; full M16.5 visual/function matrix open","Close gallery/album/story/search/selection/export/recovery parity",P1,"Dedicated Integration release"
profile-settings,account-management,"Profile and Control Center identity","Accepted Profile surface language","identity.v1; attention preferences projection; experience.v1",SHELL-WIRED,"Productive Identity center exists; accepted-design migration and complete state audit open","Close profile edit/consent/session/security/settings matrix",P2,"After onboarding Golden Slices"
collaboration,trip-membership,"Participants/invites/contextual controls","Accepted contextual collaboration language","collaboration membership owner contract; identity/trip references",SHELL-WIRED,"Existing membership foundation exists; M18.1 owner completion remains scheduled","Expose only currently owner-backed behavior; defer unimplemented M18.1 truth",P2,"No simulated completeness in M16.5"
attention-inbox,cross-product-attention,"Attention/Inbox/Control Center","Accepted contextual attention language","attention projection/contract; owner deep links; experience.v1",SHELL-WIRED,"Read-only attention composition exists; M18.2 owner completion remains scheduled","Productize only implemented intents; defer future delivery truth",P2,"No simulated completeness in M16.5"
travel-wallet,travel-documents,"Contextual Wallet entry","Accepted contextual Wallet language","travel-wallet.documents.v1 planned",NOT CONNECTED,"Core boundary reserved; runtime/schema/UI explicitly not implemented","Remain honest deferred surface until M18.3 owner/security work",P3,"Post-Design-Freeze owner-first milestone"
reviews,reputation,"Contextual Place/Booking review entry","Accepted contextual review language","reviews.v1 planned",NOT CONNECTED,"Core boundary reserved; runtime/schema/UI explicitly not implemented","Remain honest deferred surface until M18.4 owner/moderation work",P3,"Post-Design-Freeze owner-first milestone"
admin,governance,"Separate Administrative Experience","Accepted separate Admin design requirement","admin governance contract planned",NOT CONNECTED,"Mandatory boundary reserved; runtime/schema/UI explicitly not implemented","Do not expose client-authorized mock; wait for M18.5 security/RLS gate",P3,"Post-Design-Freeze owner-first milestone"
social-experience-graph,social-travel-intelligence,"Contextual Twins/Echoes/Drops/Forks","Accepted anti-vanity contextual Social direction","social experience graph contract planned",NOT CONNECTED,"Strategic boundary reserved; runtime/schema/UI explicitly not implemented","Wait for M18.6 consent/threat model and owner implementation",P3,"Post-Design-Freeze owner-first milestone"
luvia-intelligence,cross-product-assistance,"Global Luvia questions/actions/rich results","Accepted Luvia command/conversation surface","intelligence.v1; intelligence.actions.v1; all foreign owner contracts",SHELL-WIRED,"Real Intelligence foundation/actions/receipts exist; system-wide product evolution remains open","Retain current owner-command boundary; deepen in M18.8 after surface productization",P2,"No foreign truth or autonomous authority expansion in M16.5"
